"genus","species","specimen","individual","counter","bud","flwr","immFrt","fillFrt","infFrt","unfFrt","infFlwr","infImmFrt","infBud","unkRepStr"
"c","coulteri","172732","1","mb",14,15,5,6,2,0,0,0,0,0
"c","coulteri","172734","1","mb",1,6,2,1,0,1,0,0,0,0
"c","coulteri","172734","2","mb",0,4,1,3,0,0,1,0,0,0
"c","coulteri","172734","3","mb",2,6,1,0,2,0,0,0,0,0
"c","coulteri","172736","1","mb",0,2,14,12,0,6,0,0,0,0
"c","coulteri","172737","1","mb",3,14,3,4,0,0,0,1,0,0
"c","coulteri","172737","2","an",0,6,4,2,0,0,1,2,0,0
"c","coulteri","172737","3","an",1,8,3,5,0,0,1,1,0,0
"c","coulteri","172737","4","an",0,7,3,2,0,0,0,0,4,0
"c","coulteri","172739","1","an",0,7,3,0,1,0,1,0,2,0
"c","coulteri","172762","1","an",8,5,0,0,0,0,1,4,0,0
"c","coulteri","172762","2","an",3,3,0,0,0,0,1,5,0,0
"c","coulteri","172762","3","an",4,11,0,0,0,0,0,7,0,0
"c","coulteri","208351","1","an",0,28,17,18,0,0,1,3,0,0
"c","coulteri","208351","2","an",1,1,1,0,0,0,0,0,0,0
"c","coulteri","208352","1","an",0,31,6,4,0,0,0,0,10,0
"c","coulteri","208352","2","an",0,6,2,0,0,0,0,0,2,0
"c","coulteri","295209","1","an",8,9,8,3,0,0,1,0,1,0
"c","coulteri","295229","1","an",10,9,1,0,0,0,0,0,7,0
"c","coulteri","303049","1","mb",1,8,3,0,0,0,0,0,0,0
"c","coulteri","303049","2","ej",2,2,0,0,0,0,0,0,0,0
"c","coulteri","303049","3","ej",2,5,0,3,0,0,0,1,0,0
"c","coulteri","303050","1","ej",0,4,1,0,0,0,0,0,0,0
"c","coulteri","303050","2","ej",1,4,0,0,0,0,0,0,0,0
"c","coulteri","303051","1","ej",2,15,0,8,1,6,1,0,0,0
"c","coulteri","303051","2","ej",1,9,3,3,1,0,0,0,0,0
"c","coulteri","1334248","1","EJD",10,4,17,7,0,0,0,0,0,0
"c","coulteri","1367098","1","EJD",4,9,0,6,0,0,0,0,0,0
"c","coulteri","1367098","2","EJD",6,8,3,1,0,0,1,0,0,0
"c","coulteri","1367099","1","EJD",1,34,10,3,0,2,0,0,0,0
"c","coulteri","1367100","1","EJD",2,8,1,1,0,0,1,0,0,0
"c","coulteri","1367100","2","EJD",2,5,1,4,0,3,0,2,0,1
"c","coulteri","1367101","1","mc",0,16,1,0,0,0,2,0,0,0
"c","coulteri","1367101","2","mc",0,9,4,7,0,0,2,2,0,0
"c","coulteri","1367102","1","EJD",13,8,0,0,0,0,1,0,0,0
"c","coulteri","1367102","2","EJD",25,9,0,0,0,0,3,0,0,0
"c","coulteri","1367103","1","EJD",10,31,2,10,0,0,0,0,0,0
"c","coulteri","1367104","1","EJD",14,14,2,1,0,0,0,0,0,0
"c","coulteri","1384302","1","EJD",1,0,2,1,0,1,0,0,0,0
"c","coulteri","1384302","2","EJD",2,5,0,0,0,0,0,0,0,0
"c","coulteri","1401880","1","EJD",5,11,1,1,0,0,0,0,0,0
"c","coulteri","1401918","1","EJD",15,5,0,0,0,0,1,0,0,0
"c","coulteri","1401918","2","EJD",2,4,0,0,0,0,0,0,0,0
"c","coulteri","1402006","1","EJD",16,10,1,0,0,0,0,0,0,0
"c","coulteri","1404792","1","EJD",15,13,8,6,0,0,1,0,0,0
"c","coulteri","1405383","1","EJD",14,8,3,1,0,0,0,0,0,0
"c","coulteri","1405383","2","EJD",10,10,2,0,0,0,0,0,0,0
"c","coulteri","1405736","1","EJD",7,6,9,9,1,3,1,2,0,0
"c","coulteri","1405736","2","EJD",13,14,3,2,0,0,0,0,0,0
"c","coulteri","1893550","1","EJD",0,8,6,4,1,0,0,0,0,0
"c","coulteri","1893551","1","EJD",5,12,4,5,1,2,5,2,1,0
"c","coulteri","1893552","1","EJD",6,8,1,0,0,0,0,0,0,0
"c","coulteri","1893552","2","EJD",1,8,1,0,0,0,0,0,0,0
"c","coulteri","1893553","1","EJD",4,7,0,0,0,0,0,0,0,0
"c","coulteri","1893553","2","EJD",8,6,0,0,0,0,0,0,0,0
"c","coulteri","1893554","1","EJD",14,5,1,0,0,0,1,0,0,0
"c","coulteri","1893554","2","EJD",2,1,0,0,0,0,0,0,0,0
"c","coulteri","1893556","1","EJD",4,5,1,5,0,1,0,1,0,0
"c","coulteri","1893556","2","EJD",5,7,3,4,0,0,0,0,0,0
"c","coulteri","1893557","1","EJD",5,1,0,0,0,0,0,0,0,0
"c","coulteri","1893557","2","EJD",16,5,0,0,0,0,0,0,0,0
"c","coulteri","1893557","3","EJD",5,1,0,0,0,0,0,0,0,0
"c","coulteri","1893557","4","EJD",6,1,0,0,0,0,0,0,0,0
"c","coulteri","1893559","1","EJD",9,6,1,0,0,0,0,0,0,0
"c","coulteri","1893559","2","EJD",7,3,0,0,0,0,0,0,0,0
"c","coulteri","1893559","3","EJD",6,5,0,0,0,0,0,0,0,0
"c","coulteri","1893561","1","EJD",8,20,1,4,0,0,0,2,0,0
"c","coulteri","1893562","1","EJD",9,9,0,0,0,0,0,0,0,0
"c","coulteri","1893562","2","EJD",6,2,0,0,0,0,0,0,0,0
"c","coulteri","1893562","3","EJD",7,2,0,0,0,0,0,0,0,0
"c","coulteri","1893564","1","EJD",35,10,0,0,0,0,0,0,0,0
"c","coulteri","1893565","1","EJD",3,9,1,2,0,0,0,0,0,0
"c","coulteri","1893565","2","EJD",2,6,0,0,0,0,0,0,0,0
"c","coulteri","1893566","1","EJD",0,10,3,9,0,0,0,0,0,0
"c","coulteri","1893567","1","EJD",2,7,2,3,0,0,0,0,0,0
"c","coulteri","1893567","1","mc",4,6,2,3,0,0,0,0,0,0
"c","coulteri","1893567","2","EJD",1,4,1,3,0,0,0,0,0,0
"c","coulteri","1893568","1","EJD",6,11,0,3,0,2,1,0,0,0
"c","coulteri","1893569","1","EJD",4,10,5,4,0,0,0,4,0,0
"c","coulteri","1893569","2","EJD",10,1,0,0,0,0,0,0,0,0
"c","coulteri","1893569","3","EJD",7,5,2,0,0,0,0,0,0,0
"c","coulteri","2034330","1","EJD",6,7,2,0,0,0,0,0,0,0
"c","coulteri","2034330","2","EJD",8,3,0,0,0,0,0,0,0,0
"c","coulteri","2072864","1","EJD",12,8,10,11,6,3,0,0,0,0
"c","coulteri","2262339","1","EJD",6,10,0,0,0,0,1,0,0,0
"c","coulteri","2262339","2","EJD",8,15,3,0,0,0,0,0,0,0
"c","coulteri","2262340","1","EJD",1,5,0,0,0,0,0,0,0,0
"c","coulteri","2262340","2","EJD",5,5,0,0,0,0,0,0,0,0
"c","coulteri","2262341","1","EJD",0,3,3,2,0,0,0,0,0,0
"c","coulteri","2262341","2","EJD",0,1,1,1,0,0,0,0,0,0
"c","coulteri","2262342","1","EJD",15,6,0,0,0,0,0,0,0,0
"c","coulteri","2262342","2","EJD",0,4,0,0,0,0,2,0,0,3
"c","coulteri","2262342","3","EJD",3,7,0,0,0,0,0,0,0,0
"c","coulteri","2262343","1","EJD",5,9,0,0,0,0,0,0,0,0
"c","coulteri","2262343","2","EJD",8,4,0,0,0,0,0,0,0,0
"c","coulteri","2262344","1","EJD",8,13,1,4,0,0,0,0,0,0
"c","coulteri","2269030","1","EJD",2,9,1,0,0,0,0,0,0,0
"c","coulteri","2269030","2","EJD",2,4,0,0,0,0,0,0,0,0
"c","coulteri","2269030","3","EJD",4,3,0,0,0,0,1,0,0,0
"c","coulteri","303052","1","EJD",1,4,2,1,0,0,0,0,0,0
"c","coulteri","303052","2","EJD",2,4,2,3,0,0,0,0,0,0
"c","coulteri","303052","3","EJD",0,4,2,3,0,1,1,0,2,0
"c","coulteri","303053","1","EJD",11,24,4,1,0,0,0,1,2,0
"c","coulteri","303053","2","EJD",6,9,0,0,0,0,3,0,0,4
"c","coulteri","303054","1","EJD",1,4,1,3,0,0,0,0,0,0
"c","coulteri","303054","2","EJD",1,6,0,3,0,0,0,0,0,0
"c","coulteri","303054","3","EJD",3,3,0,0,0,0,0,0,0,0
"c","coulteri","303054","4","EJD",0,0,2,2,0,0,0,0,0,0
"c","coulteri","303055","1","EJD",5,5,0,0,0,0,0,0,0,0
"c","coulteri","303055","2","EJD",4,22,1,0,0,0,0,0,0,0
"c","coulteri","303056","1","EJD",3,4,0,1,0,0,1,0,0,0
"c","coulteri","303056","2","EJD",6,5,2,2,0,0,0,0,1,0
"c","coulteri","303057","1","EJD",0,3,3,16,0,11,0,2,0,0
"c","coulteri","303058","1","EJD",4,15,0,10,0,1,0,1,0,1
"c","coulteri","303058","2","EJD",11,3,1,1,0,0,0,0,0,0
"c","coulteri","303058","3","EJD",3,5,1,2,0,0,0,0,0,0
"c","coulteri","303060","1","EJD",28,7,0,0,0,0,1,0,1,0
"c","coulteri","303061","1","EJD",4,6,0,2,0,0,0,1,0,1
"c","coulteri","303061","2","EJD",2,4,1,0,0,0,0,0,0,0
"c","coulteri","303061","3","EJD",3,3,2,0,0,0,0,0,0,0
"c","coulteri","303061","4","EJD",4,7,1,1,0,0,0,0,0,0
"c","coulteri","303063","1","EJD",0,4,0,0,0,0,0,0,0,0
"c","coulteri","303063","2","EJD",10,2,0,0,0,0,0,0,0,0
"c","coulteri","303063","3","EJD",13,5,1,0,0,0,0,0,0,0
"c","coulteri","466494","1","EJD",0,2,0,0,0,0,0,0,0,0
"c","coulteri","466498","1","EJD",28,22,2,1,0,0,0,0,0,0
"c","coulteri","466506","1","EJD",6,7,1,3,0,0,0,0,0,0
"c","coulteri","466506","2","EJD",0,3,1,9,4,0,14,0,0,0
"c","coulteri","466525","1","EJD",7,15,2,5,0,0,0,0,0,0
"c","coulteri","466529","1","EJD",0,6,6,2,2,4,1,2,0,0
"c","coulteri","466532","1","EJD",6,2,0,0,0,0,3,0,0,0
"c","coulteri","466532","2","EJD",0,7,3,2,0,0,1,0,0,0
"c","coulteri","466532","3","EJD",1,2,3,0,0,0,1,0,0,0
"c","coulteri","466532","4","EJD",8,5,6,7,0,0,0,0,0,0
"c","coulteri","466556","1","EJD",14,4,0,0,0,0,0,0,0,0
"c","coulteri","466556","2","EJD",1,2,0,0,0,0,0,0,0,0
"c","coulteri","466556","3","EJD",2,3,0,0,0,0,0,0,0,0
"c","coulteri","466603","1","EJD",0,0,6,2,0,1,0,0,0,0
"c","coulteri","466603","2","EJD",1,1,1,1,0,0,0,1,0,0
"c","coulteri","466603","3","EJD",0,0,4,3,0,1,0,0,0,0
"c","coulteri","466603","4","EJD",1,2,4,2,0,0,0,0,0,0
"c","coulteri","466803","1","EJD",3,4,6,3,0,0,1,0,0,0
"c","coulteri","466818","1","EJD",0,1,8,9,0,0,0,0,0,0
"c","coulteri","466818","2","EJD",0,2,4,5,0,0,1,2,0,0
"c","coulteri","466818","3","EJD",2,1,8,8,0,1,0,0,0,0
"c","coulteri","466849","1","EJD",4,19,33,17,0,1,0,0,0,0
"c","coulteri","466874","1","EJD",4,9,2,6,0,0,0,1,1,0
"c","coulteri","466876","1","EJD",0,0,2,1,0,0,0,0,0,0
"c","coulteri","466876","2","EJD",0,0,2,4,0,1,0,1,0,0
"c","coulteri","608765","1","EJD",8,30,4,5,0,0,2,0,0,0
"c","coulteri","608766","1","EJD",1,6,3,1,0,1,1,0,0,0
"c","coulteri","608766","2","EJD",6,7,2,0,0,0,0,0,0,0
"c","coulteri","C38371","1","EJD",9,17,0,0,0,0,0,0,0,0
"c","coulteri","C38385","1","EJD",0,3,0,0,0,0,0,0,0,0
"c","coulteri","C38385","2","EJD",1,2,0,0,0,0,1,0,0,0
"c","coulteri","C38385","3","EJD",0,9,1,0,0,0,1,0,0,0
"c","coulteri","C38385","4","EJD",1,3,0,0,0,0,0,0,0,0
"c","coulteri","C38385","5","EJD",0,3,0,0,0,0,0,0,0,0
"c","coulteri","C38385","6","EJD",0,4,0,0,0,0,0,0,0,0
"c","coulteri","C38404","1","EJD",2,11,2,1,0,0,0,0,0,0
"c","coulteri","C38404","2","EJD",1,5,2,3,0,0,0,0,0,0
"c","coulteri","C473088","1","EJD",14,16,2,0,0,1,0,0,0,0
"c","coulteri","C473107","1","EJD",21,10,0,0,0,0,0,0,0,0
"c","coulteri","C478193","1","EJD",2,9,5,5,0,0,0,0,0,0
"c","coulteri","C478193","2","EJD",13,12,1,4,0,0,1,0,0,0
"c","coulteri","C478195","1","EJD",2,27,5,9,0,0,0,0,0,0
"c","coulteri","C478552","1","EJD",1,8,2,5,1,0,0,0,0,0
"c","coulteri","C478552","2","EJD",7,8,0,0,0,0,0,0,0,0
"c","coulteri","C478552","3","EJD",5,8,2,0,0,0,0,0,0,0
"c","coulteri","C479687","1","EJD",29,23,4,5,0,0,0,0,0,0
"c","coulteri","C479688","1","EJD",1,9,1,1,0,0,0,0,0,0
"c","coulteri","C479688","2","EJD",1,7,1,1,0,0,0,0,0,0
"c","coulteri","C479688","3","EJD",3,7,2,2,0,0,0,0,0,0
"c","coulteri","C479688","4","EJD",4,7,1,2,0,0,0,0,0,0
"c","coulteri","C479688","5","EJD",1,7,2,4,0,0,0,0,0,0
"c","coulteri","C479690","1","EJD",2,5,0,0,0,0,2,0,0,0
"c","coulteri","C479690","2","EJD",3,4,0,0,0,0,1,0,0,0
"c","coulteri","C479690","3","EJD",6,5,0,0,0,0,6,0,0,0
"c","coulteri","C479690","4","EJD",3,4,2,0,0,0,2,0,0,0
"c","coulteri","C479697","1","EJD",20,34,11,13,0,0,0,0,0,0
"c","coulteri","C479699","1","EJD",14,26,3,0,0,0,2,0,0,0
"c","coulteri","C520451","1","mc",6,2,0,0,0,0,0,0,0,0
"c","coulteri","C520451","2","mc",5,5,0,0,0,0,0,0,0,0
"c","inflatus","1294319","1","LCL",4,8,8,16,0,1,0,0,4,0
"c","inflatus","1294319","2","LCL",8,4,1,0,0,2,0,0,0,0
"c","inflatus","1294319","3","LCL",10,3,1,0,0,1,0,0,0,0
"c","inflatus","1294319","4","LCL",16,8,10,8,1,0,1,1,0,0
"c","inflatus","1294320","1","LCL",22,5,10,1,0,0,0,0,0,1
"c","inflatus","1309845","1","LCL",1,0,0,8,0,2,0,0,0,0
"c","inflatus","1309845","2","LCL",1,1,0,7,0,8,0,0,0,4
"c","inflatus","1309845","3","LCL",0,0,0,9,0,7,0,0,1,4
"c","inflatus","1309845","4","LCL",0,0,0,16,0,4,0,0,0,6
"c","inflatus","1309845","5","LCL",0,0,0,5,1,4,0,0,0,0
"c","inflatus","1321489","1","LCL",7,4,8,0,0,0,0,0,0,0
"c","inflatus","1367417","1","LCL",0,0,0,9,0,4,0,0,0,10
"c","inflatus","1367417","2","LCL",7,3,7,6,0,2,0,0,0,0
"c","inflatus","1367417","3","LCL",9,1,4,8,0,5,0,0,0,0
"c","inflatus","1367420","1","LCL",3,3,4,14,1,0,4,0,0,0
"c","inflatus","1367420","2","LCL",10,5,2,21,0,7,3,0,0,0
"c","inflatus","1367420","3","LCL",5,0,10,16,0,0,0,0,0,0
"c","inflatus","1367422","1","LCL",5,3,0,0,0,0,0,0,0,0
"c","inflatus","1367424","1","LCL",23,0,7,22,0,4,0,5,0,5
"c","inflatus","1367425","1","LCL",0,0,7,8,0,5,0,3,0,0
"c","inflatus","1401895","1","LCL",15,10,2,6,0,0,0,0,0,0
"c","inflatus","1401920","1","LCL",9,4,0,8,1,4,1,0,0,0
"c","inflatus","1402011","1","LCL",10,0,0,0,0,0,0,0,0,0
"c","inflatus","172745","1","LCL",0,8,2,11,1,0,3,2,0,0
"c","inflatus","172745","2","LCL",0,13,4,13,0,2,0,1,0,0
"c","inflatus","172746","1","LCL",12,9,0,0,0,0,3,0,0,1
"c","inflatus","172747","1","LCL",23,9,0,1,0,0,0,0,0,0
"c","inflatus","172748","1","LCL",6,31,0,21,0,0,5,0,0,0
"c","inflatus","172749","1","LCL",6,1,0,20,0,0,2,0,2,0
"c","inflatus","172751","1","LCL",5,7,0,5,0,0,7,1,0,0
"c","inflatus","172751","2","LCL",5,8,0,4,0,0,0,0,0,0
"c","inflatus","172751","3","LCL",7,8,0,4,0,0,0,0,0,0
"c","inflatus","172752","1","LCL",2,5,3,2,0,0,0,0,1,0
"c","inflatus","172752","2","LCL",6,4,2,1,0,0,2,0,0,0
"c","inflatus","172752","3","LCL",6,6,2,2,0,0,1,0,0,0
"c","inflatus","172752","4","LCL",4,12,2,3,0,0,0,0,0,0
"c","inflatus","172753","1","LCL",22,9,8,4,0,0,0,0,0,0
"c","inflatus","172753","2","LCL",20,15,1,5,0,1,0,0,0,0
"c","inflatus","172754","1","lrs",6,3,2,5,0,2,0,0,0,0
"c","inflatus","172754","2","LCL",2,9,3,8,0,0,0,0,2,0
"c","inflatus","1893612","1","LCL",17,8,5,23,0,1,0,0,0,0
"c","inflatus","1893613","1","LCL",0,3,2,1,0,0,0,0,0,0
"c","inflatus","1893613","2","LCL",14,4,6,12,0,6,0,0,0,0
"c","inflatus","1893614","1","LCL",22,12,7,17,0,0,1,0,0,0
"c","inflatus","1893615","1","LCL",11,9,5,0,0,0,0,0,0,0
"c","inflatus","1893615","2","LCL",11,11,1,0,0,0,0,0,0,0
"c","inflatus","1893615","3","LCL",19,21,3,0,0,0,0,0,0,1
"c","inflatus","1893617","1","LCL",19,19,1,17,0,8,0,0,0,4
"c","inflatus","1893618","1","LCL",9,12,16,0,0,3,0,0,0,1
"c","inflatus","1893618","2","LCL",15,6,5,0,0,0,0,0,0,4
"c","inflatus","1893618","3","LCL",1,2,4,3,0,0,0,0,0,0
"c","inflatus","1893619","1","LCL",22,9,0,5,0,0,0,0,0,0
"c","inflatus","1893620","1","LCL",20,15,12,22,0,0,0,0,0,0
"c","inflatus","1893622","1","LCL",11,8,6,8,0,0,0,0,0,0
"c","inflatus","1893622","2","LCL",7,8,2,4,0,0,0,0,0,0
"c","inflatus","1893623","1","LCL",12,4,2,0,0,1,0,0,0,0
"c","inflatus","1893623","2","LCL",13,6,0,8,0,1,1,0,0,0
"c","inflatus","1893623","3","LCL",7,3,2,2,0,0,0,0,0,0
"c","inflatus","1893624","1","LCL",35,9,8,6,0,0,0,0,0,1
"c","inflatus","1893625","1","LCL",41,19,8,26,0,0,0,0,2,2
"c","inflatus","1893626","1","LCL",11,8,4,5,0,0,0,0,0,0
"c","inflatus","1893626","2","LCL",4,4,0,8,0,0,0,0,1,0
"c","inflatus","1893626","3","LCL",9,2,8,4,0,1,0,0,0,3
"c","inflatus","1893627","1","LCL",11,10,0,4,0,1,3,0,2,0
"c","inflatus","1893627","2","LCL",0,5,0,2,0,0,5,0,0,2
"c","inflatus","1893628","1","LCL",14,4,9,6,0,0,0,1,0,0
"c","inflatus","1893628","2","LCL",11,10,2,4,0,1,0,0,0,0
"c","inflatus","1893629","2","LCL",13,13,0,7,0,0,0,0,0,0
"c","inflatus","1893629","3","LCL",5,4,0,0,0,0,0,0,0,0
"c","inflatus","1893630","1","LCL",11,8,4,7,0,0,0,0,0,0
"c","inflatus","1893630","2","LCL",7,10,8,18,0,0,0,0,0,0
"c","inflatus","1893631","1","LCL",10,10,8,7,0,1,0,0,2,0
"c","inflatus","1893632","1","LCL",3,5,2,1,0,0,0,0,0,0
"c","inflatus","1893632","2","LCL",4,5,1,0,0,0,0,0,0,0
"c","inflatus","1893632","3","LCL",6,3,1,0,0,2,0,0,0,0
"c","inflatus","1893634","1","LCL",1,3,3,5,0,0,0,1,0,0
"c","inflatus","2052556","1","LCL",17,9,9,16,0,0,0,0,0,0
"c","inflatus","2059192","2","LCL",6,0,1,6,0,0,0,0,1,4
"c","inflatus","208370","1","LCL",8,8,4,9,2,2,0,7,0,2
"c","inflatus","208370","2","LCL",12,8,7,0,0,0,2,12,0,0
"c","inflatus","208371","1","LCL",8,7,25,3,0,4,0,2,0,0
"c","inflatus","208372","1","LCL",25,12,7,22,0,1,9,0,0,0
"c","inflatus","208373","1","LCL",3,0,7,7,1,0,5,0,0,0
"c","inflatus","208373","2","LCL",7,2,1,10,0,0,1,0,0,0
"c","inflatus","208373","3","LCL",3,1,3,6,0,0,0,0,1,0
"c","inflatus","208374","1","LCL",5,0,6,6,0,0,0,0,0,0
"c","inflatus","208374","2","LCL",5,1,3,7,2,0,1,0,0,0
"c","inflatus","208374","3","LCL",4,3,1,3,1,0,0,0,0,0
"c","inflatus","208374","4","LCL",2,2,0,5,4,0,2,0,0,0
"c","inflatus","208375","1","LCL",27,19,0,26,1,1,3,0,0,0
"c","inflatus","208376","1","LCL",15,13,3,23,0,1,0,0,0,0
"c","inflatus","208377","1","LCL",18,15,6,6,0,1,0,0,3,0
"c","inflatus","208377","2","LCL",19,18,6,17,3,1,4,1,0,0
"c","inflatus","208378","1","LCL",24,7,13,10,0,0,0,0,0,0
"c","inflatus","208379","1","LCL",20,5,5,7,0,0,2,0,0,0
"c","inflatus","208379","3","LCL",8,3,5,0,0,0,2,3,1,0
"c","inflatus","2151143","1","LCL",0,1,4,3,0,0,0,0,0,0
"c","inflatus","2151143","2","LCL",0,0,10,7,0,5,0,0,0,0
"c","inflatus","2151143","3","LCL",3,10,7,23,0,0,0,1,0,0
"c","inflatus","2151143","4","LCL",3,2,3,5,0,0,0,0,0,0
"c","inflatus","2151143","5","LCL",3,2,1,9,0,2,0,0,1,0
"c","inflatus","215450","1","LCL",2,1,0,0,0,0,0,0,0,0
"c","inflatus","2988048","1","LCL",14,10,1,10,0,0,0,0,0,0
"c","inflatus","2988048","2","LCL",9,7,3,7,0,0,0,0,0,0
"c","inflatus","2988048","3","LCL",13,10,5,20,0,0,0,0,0,0
"c","inflatus","303072","1","LCL",15,28,10,18,0,0,1,0,0,0
"c","inflatus","303074","1","LCL",4,2,1,0,0,0,0,0,0,0
"c","inflatus","303074","2","LCL",3,1,0,3,0,0,0,0,0,0
"c","inflatus","303074","3","LCL",4,1,0,3,0,0,1,0,0,0
"c","inflatus","303074","4","LCL",1,0,1,2,0,0,2,0,2,0
"c","inflatus","303074","5","LCL",2,0,3,1,0,1,0,0,0,0
"c","inflatus","303074","6","LCL",2,1,0,4,1,0,2,0,0,0
"c","inflatus","303076","1","LCL",1,3,0,7,0,0,1,0,0,0
"c","inflatus","303076","2","LCL",0,1,2,8,0,0,2,0,0,0
"c","inflatus","303076","3","LCL",2,8,4,5,0,1,2,0,0,0
"c","inflatus","303076","4","LCL",0,0,1,14,1,3,0,0,0,8
"c","inflatus","303076","5","LCL",5,2,0,0,0,0,0,0,0,0
"c","inflatus","303077","1","LCL",11,9,0,13,0,8,1,0,0,0
"c","inflatus","303078","1","LCL",25,22,2,11,0,0,2,1,0,1
"c","inflatus","303078","2","LCL",6,4,2,0,0,0,0,0,0,0
"c","inflatus","303079","1","LCL",21,17,4,9,0,1,0,0,0,0
"c","inflatus","303080","1","LCL",2,1,8,5,0,0,2,1,0,0
"c","inflatus","303080","2","LCL",0,0,4,2,0,0,0,4,0,0
"c","inflatus","303080","3","LCL",2,1,7,3,0,1,0,2,0,0
"c","inflatus","303081","1","LCL",9,19,5,18,0,0,0,0,0,0
"c","inflatus","303082","1","LCL",18,18,8,24,0,1,0,0,0,0
"c","inflatus","303083","1","LCL",14,6,10,5,0,4,0,0,0,0
"c","inflatus","303084","1","LCL",33,11,7,13,2,0,7,1,0,0
"c","inflatus","303084","2","LCL",10,5,0,1,0,0,0,0,0,0
"c","inflatus","303084","3","LCL",3,10,7,9,0,0,1,0,0,0
"c","inflatus","303085","1","LCL",16,9,9,4,0,0,0,1,0,0
"c","inflatus","303085","2","LCL",12,8,10,7,1,1,0,1,1,0
"c","inflatus","466429","1","LCL",0,0,26,18,1,3,0,7,0,0
"c","inflatus","466474","1","LCL",21,26,2,4,0,0,0,0,0,0
"c","inflatus","466474","2","LCL",13,2,0,11,0,0,1,0,0,5
"c","inflatus","466501","1","LCL",9,5,5,5,0,0,1,1,0,0
"c","inflatus","466528","1","LCL",2,4,17,22,0,1,5,4,0,0
"c","inflatus","466627","1","LCL",5,4,4,15,2,0,0,5,0,1
"c","inflatus","608770","1","LCL",46,12,10,28,0,2,2,1,3,0
"c","inflatus","608772","1","LCL",10,4,0,0,0,0,0,0,0,0
"c","inflatus","608772","2","LCL",16,10,0,0,0,0,0,0,0,0
"c","inflatus","608774","1","LCL",15,26,11,2,0,4,0,0,0,0
"c","inflatus","608774","2","LCL",17,9,8,0,0,0,0,0,0,0
"c","inflatus","608776","1","LCL",18,8,3,5,0,0,0,0,0,0
"c","inflatus","C182568","1","LCL",17,7,1,5,0,0,0,0,0,0
"c","inflatus","C182568","2","LCL",15,9,3,8,0,0,0,0,0,0
"c","inflatus","C205640","1","LCL",20,8,8,9,0,1,0,0,0,0
"c","inflatus","C205640","2","LCL",19,7,3,4,0,0,0,0,0,0
"c","inflatus","C40425","1","LCL",3,2,0,10,0,14,0,0,0,1
"c","inflatus","C40425","2","LCL",10,6,5,9,0,9,0,0,0,0
"c","inflatus","C40462","1","LCL",10,7,1,1,0,0,0,0,0,0
"c","inflatus","C40462","2","LCL",4,0,3,10,0,2,0,0,0,0
"c","inflatus","C40462","3","LCL",31,13,0,9,0,1,0,0,0,0
"c","inflatus","C478194","1","LCL",0,0,0,21,0,9,0,0,0,2
"c","inflatus","C478194","2","LCL",0,0,13,12,0,3,0,4,0,9
"c","inflatus","C560284","1","LCL",8,3,4,7,0,0,0,0,0,0
"c","inflatus","C560284","2","LCL",12,12,4,0,0,0,0,0,0,0
"c","inflatus","C560284","3","LCL",6,0,2,5,0,1,4,0,2,1
"c","inflatus","C560284","4","LCL",8,6,0,3,0,0,2,0,0,0
"s","insignis","12854485","2","MM",35,8,0,0,0,0,0,0,0,0
"s","insignis","12854485","3","MM",2,9,0,0,0,0,0,0,0,0
"s","insignis","1355516","1","MM",23,12,0,3,0,0,0,0,0,0
"s","insignis","1355516","2","MM",9,5,0,0,0,0,0,0,0,0
"s","insignis","1355516","3","MM",0,3,10,4,0,0,0,0,0,0
"s","insignis","1355516","4","MM",1,14,2,8,0,0,0,0,0,0
"s","insignis","1355516","5","MM",3,3,5,6,0,0,0,2,0,0
"s","insignis","1355516","6","MM",4,11,5,6,0,0,0,2,0,0
"s","insignis","1355516","7","MM",2,4,0,0,0,0,0,0,0,0
"s","insignis","1355531","1","MM",5,22,0,0,0,0,0,0,0,0
"s","insignis","1355531","2","MM",15,13,0,0,0,0,0,0,0,0
"s","insignis","1355531","3","MM",10,12,0,0,0,0,0,0,0,0
"s","insignis","1355531","4","MM",14,28,0,0,0,0,0,0,0,0
"s","insignis","1355531","5","MM",16,12,0,0,0,0,0,0,0,0
"s","insignis","1368879","1","MM",15,8,0,0,0,0,0,0,0,0
"s","insignis","1368879","2","MM",19,24,1,2,0,0,1,0,0,0
"s","insignis","1368880","1","MM",21,43,3,4,0,0,0,0,0,0
"s","insignis","1368881","1","MM",0,10,1,3,0,3,0,0,0,0
"s","insignis","1368881","2","MM",0,1,1,1,0,0,2,0,0,0
"s","insignis","1368881","3","MM",0,6,2,7,0,0,0,0,0,0
"s","insignis","1368881","4","MM",0,4,6,0,0,0,0,0,0,0
"s","insignis","1368881","5","MM",0,2,3,3,0,0,0,0,0,0
"s","insignis","1396095","1","MM",10,12,0,0,0,4,0,0,0,0
"s","insignis","1396095","2","MM",0,24,0,2,0,3,0,0,0,0
"s","insignis","1396095","3","MM",5,6,2,0,0,0,0,0,0,0
"s","insignis","1400678","1","MM",38,42,0,0,0,0,0,0,0,0
"s","insignis","1400678","2","MM",24,26,0,0,0,0,0,0,0,0
"s","insignis","1400678","3","MM",7,11,0,0,0,0,0,0,0,0
"s","insignis","1400679","1","MM",2,9,0,3,0,0,0,0,0,0
"s","insignis","1400679","2","MM",11,20,0,2,0,0,0,0,0,0
"s","insignis","1400681","1","MM",108,48,0,0,0,0,0,0,0,0
"s","insignis","1400873","1","MM",2,16,1,2,0,0,0,0,0,0
"s","insignis","1400875","1","MM",6,8,0,0,0,0,0,0,0,0
"s","insignis","1400875","2","MM",8,10,0,0,0,0,0,0,0,0
"s","insignis","1400876","1","MM",7,11,0,0,0,0,0,0,0,0
"s","insignis","1400876","2","MM",0,10,0,0,0,0,0,0,0,0
"s","insignis","1400876","3","MM",6,12,0,0,0,0,0,0,0,0
"s","insignis","1400876","4","MM",3,10,0,0,0,0,0,0,0,0
"s","insignis","1400877","1","MM",2,16,1,1,0,0,0,0,0,0
"s","insignis","1400877","2","MM",15,11,0,0,0,0,0,0,0,0
"s","insignis","1400877","3","MM",8,12,0,0,0,1,0,0,0,0
"s","insignis","1400877","4","MM",5,14,0,0,0,0,0,0,0,0
"s","insignis","1400878","1","MM",6,7,0,0,0,0,0,0,0,0
"s","insignis","1400878","2","MM",9,14,0,0,0,0,0,0,0,0
"s","insignis","1400878","3","MM",2,24,1,0,0,0,0,0,0,0
"s","insignis","1400878","4","MM",6,10,0,0,0,0,0,0,0,0
"s","insignis","1400880","1","MM",4,4,0,0,0,0,2,0,0,0
"s","insignis","1400880","2","MM",9,3,0,0,0,0,0,0,0,0
"s","insignis","1400880","3","MM",0,5,0,0,0,0,0,0,0,0
"s","insignis","1400880","4","MM",2,2,0,0,0,0,0,0,0,0
"s","insignis","1400881","1","MM",1,16,5,2,0,1,0,0,0,0
"s","insignis","1400881","2","MM",0,14,15,14,0,6,0,0,0,0
"s","insignis","1402074","1","MM",5,40,14,61,1,1,4,19,0,5
"s","insignis","1402089","1","MM",0,8,2,3,0,0,0,0,0,0
"s","insignis","1402089","2","MM",1,10,2,0,0,0,0,0,0,0
"s","insignis","1402090","1","MM",9,20,0,3,0,0,0,0,0,0
"s","insignis","1402269","1","MM",2,8,0,1,0,1,0,0,0,0
"s","insignis","1402269","2","MM",5,8,0,0,0,0,0,0,0,0
"s","insignis","2051124","1","MM",7,35,23,52,7,4,0,3,1,0
"s","insignis","2051124","2","MM",5,20,0,17,0,4,0,0,0,0
"s","insignis","2052602","1","MM",27,16,3,8,0,3,0,0,2,0
"s","insignis","2052602","2","MM",15,10,2,2,0,1,0,0,0,0
"s","insignis","2060769","1","MM",9,21,5,7,0,0,0,0,0,0
"s","insignis","2060770","1","MM",4,11,2,11,0,3,3,2,0,2
"s","insignis","2060770","2","MM",4,18,0,5,0,2,0,0,0,0
"s","insignis","2060772","1","MM",4,6,7,2,0,0,0,0,0,0
"s","insignis","2060772","2","MM",3,5,7,8,1,1,0,1,0,0
"s","insignis","2060773","1","MM",2,6,0,0,0,0,0,0,0,0
"s","insignis","2060773","2","MM",2,13,1,0,0,1,0,0,0,0
"s","insignis","2060773","3","MM",4,4,0,0,0,0,0,0,0,0
"s","insignis","2074577","1","MM",2,20,5,12,0,1,0,1,0,0
"s","insignis","2074577","2","MM",3,9,1,8,0,1,0,0,0,0
"s","insignis","2074882","1","MM",4,4,0,0,0,0,0,0,0,0
"s","insignis","2074882","2","MM",9,11,0,6,0,2,1,0,0,0
"s","insignis","2074883","1","MM",4,4,0,2,0,0,1,0,0,0
"s","insignis","2074883","2","MM",0,11,0,5,0,0,0,0,0,0
"s","insignis","2074883","3","MM",4,9,2,10,0,1,0,0,1,0
"s","insignis","2074883","4","MM",2,5,1,1,0,0,0,0,0,0
"s","insignis","21422247","1","MM",18,1,0,0,0,0,0,0,0,0
"s","insignis","21422247","2","MM",10,0,0,0,0,0,0,0,0,0
"s","insignis","21422247","3","MM",12,13,0,0,0,0,0,0,0,0
"s","insignis","21422247","4","MM",3,4,0,0,0,0,0,0,0,0
"s","insignis","2175846","1","MM",1,10,1,0,0,0,0,0,0,0
"s","insignis","23072944","1","MM",7,14,2,8,0,0,0,0,0,0
"s","insignis","23072944","2","MM",0,3,5,7,0,0,0,0,6,0
"s","insignis","23072944","3","MM",2,0,5,6,0,0,0,1,2,0
"s","insignis","23072944","4","MM",3,4,4,2,0,0,0,0,0,0
"s","insignis","23072944","6","MM",1,7,2,1,1,0,0,1,0,0
"s","insignis","23072945","1","MM",8,16,13,31,0,2,0,1,3,0
"s","insignis","23072947","1","MM",5,10,11,15,0,0,0,0,1,0
"s","insignis","23072947","2","MM",1,0,20,23,0,0,2,2,22,0
"s","insignis","23072947","3","MM",5,17,11,19,0,0,3,1,0,0
"s","insignis","305357","1","MM",11,1,0,0,0,0,6,0,0,1
"s","insignis","305357","2","MM",7,1,0,0,0,0,0,0,0,0
"s","insignis","305357","3","MM",5,5,0,0,0,0,0,0,0,0
"s","insignis","305357","4","MM",13,1,0,0,0,0,0,0,0,0
"s","insignis","305357","5","MM",4,3,0,0,0,0,0,0,0,0
"s","insignis","8743457","1","MM",5,4,0,0,0,0,0,0,0,0
"s","insignis","8743457","2","MM",18,14,0,0,0,0,0,0,1,0
"s","insignis","8743457","3","MM",6,3,0,0,0,0,0,0,1,0
"s","insignis","8743457","4","MM",5,6,0,0,0,0,0,0,0,0
"s","insignis","8743457","5","MM",3,5,1,0,0,0,0,0,0,0
"s","insignis","C87348","1","MM",2,14,22,0,0,0,0,0,0,0
"s","insignis","C87348","2","MM",0,11,6,0,0,0,0,3,0,0
"s","insignis","C87348","3","MM",4,29,13,5,0,2,1,5,0,0
"s","insignis","C87349","1","MM",0,6,1,6,1,2,0,1,0,0
"s","insignis","C87349","2","MM",4,7,0,2,0,2,0,1,0,0
"s","insignis","C87349","3","MM",0,5,4,33,1,3,0,2,0,0
"s","insignis","C87349","4","MM",2,7,1,8,0,3,0,2,0,0
"s","insignis","C87351","1","MM",5,29,12,14,0,2,6,5,0,0
"s","insignis","C87352","1","MM",6,13,32,19,3,14,7,15,2,20
"s","insignis","C87352","2","MM",29,33,39,25,7,6,0,15,6,44
"s","insignis","C87353","1","MM",3,7,15,15,0,7,0,1,4,0
"s","insignis","C87353","2","MM",2,3,12,23,7,8,0,10,0,8
"s","insignis","C87354","1","MM",7,15,1,0,0,0,0,0,0,0
"s","insignis","C87354","2","MM",4,8,4,3,0,9,0,0,0,0
"s","insignis","C87355","1","MM",0,5,0,6,1,0,0,2,0,0
"s","insignis","C87355","2","MM",1,5,0,0,0,0,0,0,0,0
"s","insignis","C87355","3","MM",1,2,0,1,0,0,0,0,0,0
"s","insignis","C87355","4","MM",0,2,0,2,0,0,0,0,0,0
"s","insignis","C87355","5","MM",0,6,1,2,0,1,0,0,0,0
"s","insignis","C87355","6","MM",7,4,0,0,0,0,0,0,0,0
"s","insignis","C87355","7","MM",6,8,0,0,0,0,0,0,0,0
"s","insignis","C87355","8","MM",0,6,0,1,0,1,0,0,0,0
"s","insignis","C87355","9","MM",0,0,0,12,8,1,0,3,0,0
"s","insignis","C87356","1","MM",0,4,1,5,0,0,1,2,0,0
"s","insignis","C87356","2","MM",1,4,1,0,0,0,0,0,0,0
"s","insignis","C87356","3","MM",0,6,1,2,0,0,0,1,0,0
"s","insignis","C87356","4","MM",7,7,0,0,0,0,1,0,0,0
"s","insignis","C87356","5","MM",1,2,1,0,0,0,0,0,0,0
"s","insignis","C87356","6","MM",1,2,1,1,0,0,0,0,0,0
"s","insignis","C87356","7","MM",11,2,1,0,0,0,0,0,0,0
"s","insignis","C87356","8","MM",1,5,0,1,0,1,0,0,0,0
"s","insignis","C87356","9","MM",0,0,2,12,5,0,0,8,0,0
"s","insignis","C87357","1","MM",1,4,3,1,0,1,0,0,0,0
"s","insignis","C87357","2","MM",0,2,1,1,0,1,0,0,0,0
"s","insignis","C87357","3","MM",4,5,2,3,0,0,0,0,0,0
"s","insignis","C87357","4","MM",0,1,1,0,0,2,0,0,0,0
"s","insignis","C87357","5","MM",0,0,3,0,0,0,0,0,0,0
"s","insignis","C87359","1","MM",1,7,4,5,0,1,0,3,0,1
"s","insignis","C87359","2","MM",1,3,3,1,0,0,0,0,0,0
"s","insignis","C87359","3","MM",1,0,2,12,0,0,0,12,0,0
"s","insignis","C87359","4","MM",8,21,0,6,0,0,0,0,0,0
"s","insignis","C87360","1","MM",33,141,5,80,5,14,0,2,0,5
"s","insignis","C87361","1","MM",29,41,7,12,3,4,1,1,0,0
"s","insignis","C87362","1","MM",3,18,0,8,1,1,0,0,0,0
"s","insignis","C87362","2","MM",11,25,0,5,1,3,0,0,0,0
"s","insignis","C87362","3","MM",6,20,0,5,1,4,2,0,0,0
"s","insignis","C87363","1","MM",19,22,0,6,0,3,0,2,1,0
"s","insignis","C87363","2","MM",15,48,3,9,0,4,0,0,0,0
"s","insignis","C87363","3","MM",8,8,2,0,0,2,0,0,0,0
"s","insignis","C87363","4","MM",2,3,1,0,0,2,0,0,0,0
"s","insignis","C87363","5","MM",7,3,0,0,0,0,0,0,0,0
"s","insignis","C87363","6","MM",2,5,1,0,0,2,0,0,0,0
"s","insignis","C87364","1","MM",150,59,4,0,0,2,1,0,0,0
"s","insignis","C87364","2","MM",6,4,1,0,0,0,0,0,0,0
"s","insignis","C87365","1","MM",4,2,12,19,1,2,2,2,5,1
"s","insignis","C87365","2","MM",0,3,0,2,0,3,0,0,0,0
"s","insignis","C87365","3","MM",2,1,1,3,0,1,0,1,0,0
"s","insignis","C87365","4","MM",3,18,1,7,0,2,0,0,0,0
"s","insignis","C87365","5","MM",0,0,1,5,2,0,0,0,0,10
"s","insignis","C87365","6","MM",2,0,3,4,0,1,0,1,0,4
"s","insignis","C87365","7","MM",1,3,0,0,0,0,1,0,0,0
"s","insignis","C87365","8","MM",0,0,2,12,1,0,0,2,0,8
"s","insignis","C87367","1","MM",1,4,1,0,0,0,0,0,0,0
"s","insignis","C87367","2","MM",6,5,0,2,0,0,0,1,0,0
"s","insignis","C87367","3","MM",0,4,1,2,0,1,0,0,0,0
"s","insignis","C87368","1","MM",7,15,2,8,0,3,0,0,0,0
"s","insignis","C87368","2","MM",7,14,2,8,0,0,0,0,0,0
"s","insignis","C87369","1","MM",1,10,0,3,0,0,0,0,0,0
"s","insignis","C87369","2","MM",0,8,5,7,0,0,0,0,0,0
"s","insignis","C87369","3","MM",0,4,1,4,0,0,0,0,0,0
"s","insignis","C87369","4","MM",0,5,3,5,0,0,0,0,0,0
"s","insignis","C87370","1","MM",0,4,0,0,0,2,0,0,0,0
"s","insignis","C87370","2","MM",3,12,5,13,0,3,0,0,1,0
"s","insignis","C87370","3","MM",57,35,0,3,1,1,0,1,0,0
"s","insignis","C87370","4","MM",0,6,3,5,0,0,1,0,0,0
"s","insignis","C87372","1","MM",54,16,1,0,0,4,1,0,0,0
"s","insignis","C87372","2","MM",62,28,4,3,1,1,0,0,1,0
"s","insignis","C87373","1","MM",3,5,9,15,0,2,2,0,4,0
"s","insignis","C87373","2","MM",4,24,17,27,1,1,1,2,0,0
"s","insignis","C87373","3","MM",1,2,5,6,0,0,1,0,0,0
"s","insignis","C87376","1","MM",0,19,6,44,0,3,0,0,3,0
"s","insignis","C87377","1","MM",0,6,15,12,0,0,2,0,8,0
"s","insignis","C87377","2","MM",2,17,8,14,2,7,5,0,0,1
"s","insignis","C87377","3","MM",1,22,19,22,1,3,0,0,1,0
"s","insignis","C87378","1","MM",8,4,0,0,0,0,0,0,0,0
"s","insignis","C87378","2","MM",24,15,0,0,0,0,0,0,1,0
"s","insignis","C87378","3","MM",3,5,0,0,0,0,0,0,0,0
"s","insignis","C87378","4","MM",1,5,0,0,0,0,0,0,0,1
"s","insignis","C87379","1","MM",13,3,0,0,0,0,0,0,1,0
"s","insignis","C87379","2","MM",16,27,0,0,0,0,0,0,0,0
"s","insignis","C87379","3","MM",4,20,0,0,0,1,0,0,0,0
"s","insignis","C87380","1","MM",79,15,0,0,0,0,1,0,1,0
"s","insignis","C87380","2","MM",2,6,0,4,1,1,1,0,2,0
"s","insignis","C87380","3","MM",6,11,1,5,1,4,0,0,0,0
"s","insignis","C87381","1","MM",6,6,0,0,0,0,0,0,0,0
"s","insignis","C87381","2","MM",21,9,0,0,0,0,0,0,0,0
"s","insignis","C87381","3","MM",39,10,0,0,0,0,0,0,0,0
"s","insignis","C87381","4","MM",0,11,0,0,0,0,0,0,0,0
"s","insignis","C87381","5","MM",2,5,0,0,0,0,0,0,0,0
"s","insignis","C87382","1","MM",6,16,0,1,3,4,2,0,0,0
"s","insignis","C87382","2","MM",8,25,2,9,1,8,0,0,0,0
"s","insignis","ID072635","1","MM",4,3,0,0,0,0,0,0,0,0
"s","insignis","ID072635","2","MM",9,1,0,0,0,0,0,0,0,0
"s","insignis","ID072635","3","MM",21,11,0,0,0,0,2,0,0,0
"s","insignis","ID072635","4","MM",8,0,0,0,0,0,0,0,0,1
"s","insignis","IDS0028213","1","MM",32,18,0,0,0,0,0,0,0,0
"s","insignis","IDS0028213","2","MM",8,7,0,0,0,0,0,0,0,0
"s","insignis","IDS0028213","3","MM",6,0,0,0,0,0,0,0,1,0
"s","insignis","JEPS105045","1","MM",9,54,2,7,0,5,3,0,0,0
"s","insignis","JEPS105046","1","MM",2,10,5,9,1,0,0,2,0,0
"s","insignis","JEPS105046","2","MM",5,20,0,8,0,3,0,0,0,0
"s","insignis","JEPS105097","1","MM",51,12,0,0,0,0,0,0,0,0
"s","insignis","JEPS105097","2","MM",24,6,0,0,0,0,0,0,0,0
"s","insignis","JEPS105097","3","MM",13,5,0,0,0,0,0,0,0,0
"s","insignis","JEPS105097","4","MM",9,3,0,0,0,0,1,0,0,0
"s","insignis","JEPS105097","5","MM",7,4,0,0,0,0,0,0,0,0
"s","insignis","JEPS105098","1","MM",23,27,5,0,0,0,0,0,0,0
"s","insignis","JEPS105098","2","MM",9,12,0,0,1,0,1,0,0,0
"s","insignis","JEPS105098","3","MM",18,27,0,4,0,3,0,0,0,0
"s","insignis","JEPS105099","1","MM",28,8,0,0,0,0,0,0,0,0
"s","insignis","JEPS105099","2","MM",67,10,0,0,0,0,0,0,0,0
"s","insignis","JEPS105100","1","MM",23,32,0,0,0,0,4,0,1,0
"s","insignis","JEPS105100","2","MM",2,16,2,0,0,0,0,0,0,0
"s","insignis","JEPS105261","1","MM",10,78,2,3,2,1,2,0,0,0
"s","insignis","JEPS105446","1","MM",23,19,3,1,0,1,1,0,2,0
"s","insignis","JEPS105446","2","MM",10,34,4,11,0,0,0,0,0,0
"s","insignis","JEPS105446","3","MM",5,10,0,0,0,0,0,0,0,0
"s","insignis","JEPS105469","1","MM",14,33,1,8,1,1,1,0,0,0
"s","insignis","JEPS105710","1","MM",39,3,0,1,1,0,0,0,1,16
"s","insignis","JEPS105710","2","MM",3,0,0,0,0,0,0,0,0,6
"s","insignis","JEPS105710","3","MM",2,3,0,0,0,1,0,0,0,0
"s","insignis","JEPS108311","1","MM",10,50,11,9,0,3,0,0,2,0
"s","insignis","JEPS108311","2","MM",11,9,0,0,0,0,1,0,0,3
"s","insignis","JEPS108311","3","MM",19,17,0,1,0,0,0,0,0,0
"s","insignis","JEPS108311","4","MM",4,4,3,0,0,1,0,0,0,1
"s","insignis","JEPS108311","5","MM",14,20,1,0,0,0,0,0,0,0
"s","insignis","JEPS108311","6","MM",37,34,0,0,0,0,0,0,0,1
"s","insignis","JEPS27005","1","MM",3,5,0,0,0,0,0,0,0,0
"s","insignis","JEPS27005","2","MM",8,4,0,0,0,0,0,0,2,0
"s","insignis","JEPS27005","3","MM",10,4,0,0,0,0,0,0,0,0
"s","insignis","JEPS27005","4","MM",5,3,0,0,0,0,0,0,0,0
"s","insignis","JEPS27085","1","MM",0,4,0,0,0,0,1,0,0,0
"s","insignis","JEPS27085","10","MM",1,5,0,0,0,1,0,0,0,0
"s","insignis","JEPS27085","11","MM",0,2,0,0,0,0,2,0,0,0
"s","insignis","JEPS27085","2","MM",0,4,0,0,0,0,1,0,0,0
"s","insignis","JEPS27085","3","MM",1,2,1,1,0,0,1,0,0,0
"s","insignis","JEPS27085","4","MM",0,8,0,2,0,0,0,0,0,0
"s","insignis","JEPS27085","5","MM",0,3,1,0,0,0,2,0,0,0
"s","insignis","JEPS27085","6","MM",1,6,0,2,0,1,0,0,0,0
"s","insignis","JEPS27085","7","MM",0,3,0,1,0,1,1,0,0,0
"s","insignis","JEPS27085","8","MM",0,6,0,3,0,1,3,0,0,0
"s","insignis","JEPS27085","9","MM",0,5,0,0,0,0,1,0,0,0
"s","insignis","JEPS74169","1","MM",27,20,2,0,0,4,0,0,0,0
"s","insignis","JEPS74169","2","MM",5,3,0,0,0,0,0,0,0,0
"s","insignis","JEPS74169","3","MM",14,22,0,0,0,3,0,0,0,0
"s","insignis","JEPS74169","4","MM",12,9,0,0,0,0,0,0,0,0
"s","insignis","JEPS74169","5","MM",19,25,0,0,0,3,1,0,1,0
"s","insignis","JEPS77707","1","MM",7,2,0,0,0,0,0,0,1,0
"s","insignis","JEPS77707","2","MM",28,9,0,0,0,0,0,0,0,0
"s","insignis","JEPS77707","3","MM",15,14,0,0,0,0,0,0,0,0
"s","insignis","JEPS77708","1","MM",1,3,0,0,0,0,0,0,0,0
"s","insignis","JEPS77708","2","MM",2,5,0,0,0,0,0,0,0,0
"s","insignis","JEPS77708","3","MM",0,1,8,8,0,0,0,1,0,0
"s","insignis","JEPS77708","4","MM",4,6,0,4,1,0,1,0,0,0
"s","insignis","JEPS77708","5","MM",7,12,0,0,0,0,0,0,0,0
"s","insignis","JEPS77708","6","MM",0,8,2,4,1,0,1,0,0,0
"s","insignis","JEPS83198","1","MM",0,4,13,27,2,0,0,3,0,0
"s","insignis","JEPS83198","2","MM",0,6,9,20,0,1,1,1,0,0
"s","insignis","JEPS83198","3","MM",0,0,6,3,0,0,0,1,0,0
"s","insignis","JEPS83198","4","MM",1,2,9,7,0,0,0,0,1,0
"s","insignis","JEPS83198","5","MM",0,3,1,11,0,0,0,0,0,0
"s","insignis","JEPS83198","6","MM",2,11,12,13,0,0,5,1,0,0
"s","insignis","UC1093675","1","MM",57,33,2,0,0,0,0,0,0,0
"s","insignis","UC1093675","2","MM",19,4,0,0,0,0,1,0,0,0
"s","insignis","UC1093675","3","MM",6,11,0,4,0,1,1,0,0,0
"s","insignis","UC1093675","4","MM",23,30,2,0,0,0,7,0,0,0
"s","insignis","UC1112201","1","MM",7,11,0,5,0,1,0,0,0,0
"s","insignis","UC1112201","2","MM",3,1,0,2,0,0,0,0,0,0
"s","insignis","UC1112201","3","MM",16,11,1,10,2,7,1,0,0,0
"s","insignis","UC1112201","4","MM",2,7,1,2,0,0,0,0,0,0
"s","insignis","UC1112201","5","MM",7,9,0,6,0,3,0,0,0,0
"s","insignis","UC1112201","6","MM",9,3,0,0,0,0,0,0,0,0
"s","insignis","UC1112201","7","MM",2,5,0,2,0,1,0,0,0,0
"s","insignis","UC1292646","1","MM",4,10,4,7,0,5,1,0,0,0
"s","insignis","UC1292646","2","MM",17,24,4,8,0,1,2,0,0,0
"s","insignis","UC1292646","3","MM",3,5,0,0,0,1,0,0,0,0
"s","insignis","UC1292646","4","MM",2,6,0,6,0,1,0,0,0,0
"s","insignis","UC1292647","1","MM",0,8,0,7,0,1,0,0,0,0
"s","insignis","UC1292647","2","MM",0,6,0,5,0,0,0,0,0,0
"s","insignis","UC1292647","3","MM",0,3,3,4,2,0,0,0,0,0
"s","insignis","UC1292647","4","MM",2,6,0,0,0,0,0,0,0,0
"s","insignis","UC1292647","5","MM",5,15,0,3,0,1,0,0,0,0
"s","insignis","UC1292647","6","MM",0,7,1,7,1,0,0,0,0,0
"s","insignis","UC1292647","7","MM",3,7,1,2,0,2,0,0,0,0
"s","insignis","UC1292647","8","MM",2,7,0,3,0,0,0,0,0,0
"s","insignis","UC1492750","1","MM",60,34,0,0,0,5,0,0,0,0
"s","insignis","UC1492750","2","MM",73,10,0,0,0,0,1,0,0,0
"s","insignis","UC1492751","1","MM",2,10,1,9,1,3,1,0,0,0
"s","insignis","UC1492751","2","MM",2,9,1,13,0,3,0,0,0,0
"s","insignis","UC1492751","3","MM",1,18,1,2,0,1,1,1,0,0
"s","insignis","UC1492759","1","MM",0,0,3,2,0,0,0,1,0,0
"s","insignis","UC1492759","10","MM",0,0,1,4,0,0,0,10,0,0
"s","insignis","UC1492759","2","MM",0,2,0,2,0,0,0,0,0,0
"s","insignis","UC1492759","3","MM",0,0,1,2,1,0,0,0,0,0
"s","insignis","UC1492759","4","MM",3,6,0,2,0,0,2,0,0,0
"s","insignis","UC1492759","5","MM",0,0,3,5,1,0,0,0,0,0
"s","insignis","UC1492759","6","MM",0,0,0,2,1,0,0,0,0,4
"s","insignis","UC1492759","7","MM",1,1,6,2,0,0,0,1,0,10
"s","insignis","UC1492759","8","MM",0,4,0,1,0,0,0,0,0,0
"s","insignis","UC1492759","9","MM",0,0,3,5,0,0,0,0,0,2
"s","insignis","UC1492760","1","MM",8,20,0,5,0,1,0,1,0,0
"s","insignis","UC1492760","2","MM",11,22,4,3,0,0,3,0,0,0
"s","insignis","UC1492760","3","MM",5,15,0,0,0,0,0,0,0,0
"s","insignis","UC1492761","1","MM",24,53,1,6,0,2,8,0,0,0
"s","insignis","UC186123","1","MM",6,6,5,9,1,0,2,3,0,0
"s","insignis","UC186123","2","MM",3,4,0,0,0,0,0,0,0,0
"s","insignis","UC186123","3","MM",4,8,1,2,0,0,0,0,0,0
"s","insignis","UC186123","4","MM",4,15,0,4,0,0,0,0,0,0
"s","insignis","UC186123","5","MM",28,13,0,0,0,0,0,0,0,0
"s","insignis","UC186123","6","MM",6,13,0,3,0,2,0,0,0,0
"s","insignis","UC186123","7","MM",2,4,3,3,0,0,2,0,0,0
"s","insignis","UC186123","8","MM",7,6,1,5,0,0,1,0,0,0
"s","insignis","UC186123","9","MM",2,8,0,3,1,2,1,0,0,0
"s","insignis","UC584119","1","lrs",11,54,5,82,7,2,5,0,0,0
"s","insignis","UC584235","1","lrs",0,23,14,90,7,2,14,4,0,4
"s","insignis","UC625467","1","MM",4,3,0,0,0,0,0,0,0,0
"s","insignis","UC625467","2","MM",3,4,0,0,0,0,0,0,0,0
"s","insignis","UC625467","3","MM",1,8,0,0,0,0,0,0,0,0
"s","insignis","UC625467","4","MM",9,6,0,0,0,0,0,0,0,0
"s","insignis","UC625467","5","MM",12,9,0,0,0,0,0,0,0,0
"s","insignis","UC625467","6","MM",3,2,0,0,0,0,0,0,0,0
"s","insignis","UC625467","7","MM",0,1,0,0,0,0,0,0,0,0
"s","insignis","UC625467","8","MM",4,2,0,0,0,0,0,0,0,0
"s","insignis","UC625467","9","MM",1,2,0,0,0,0,0,0,0,0
"s","insignis","UC630652","1","MM",40,64,4,18,0,7,1,0,2,0
"s","insignis","UC630652","2","MM",2,17,4,12,0,0,1,0,0,0
"s","insignis","UC630652","3","MM",2,10,2,3,1,2,0,0,0,0
"s","insignis","UC644784","1","MM",1,9,0,3,2,0,0,0,0,0
"s","insignis","UC644784","2","MM",3,6,1,2,0,0,0,0,0,0
"s","insignis","UC644784","3","MM",1,1,0,2,0,0,1,0,0,0
"s","insignis","UC644784","4","MM",3,9,0,2,0,0,0,0,2,0
"s","insignis","UC644784","5","MM",4,8,0,4,0,0,0,0,0,0
"s","insignis","UC644784","6","MM",2,5,1,4,0,0,0,0,0,0
"s","insignis","UC644784","7","MM",1,13,0,4,0,2,0,0,0,0
"s","insignis","UC644784","8","MM",1,7,1,2,0,0,0,0,0,0
"s","insignis","UC644784","9","MM",2,3,2,3,0,0,1,0,0,0
"s","insignis","UC676773","1","MM",19,1,0,0,0,0,0,0,0,0
"s","insignis","UC676773","2","MM",1,5,0,0,0,0,0,0,0,0
"s","insignis","UC676773","3","MM",7,3,0,0,0,0,0,0,0,0
"s","insignis","UC676777","1","MM",2,4,0,0,0,0,3,0,0,0
"s","insignis","UC676777","2","MM",6,5,0,0,0,0,0,0,0,0
"s","insignis","UC676777","3","MM",5,3,0,0,0,0,0,0,0,0
"s","insignis","UC676777","4","MM",2,4,0,0,0,0,0,0,0,0
"s","insignis","UC676777","5","MM",6,3,0,0,0,0,0,0,0,0
"s","insignis","UC676777","6","MM",4,4,0,0,0,0,0,0,0,0
"s","insignis","UC765130","1","MM",3,3,2,3,0,0,0,0,0,0
"s","insignis","UC765130","2","MM",4,10,0,0,0,0,1,0,0,0
"s","insignis","UC765130","3","MM",0,0,5,3,0,0,0,1,0,3
"s","insignis","UC765130","4","MM",3,2,2,2,0,0,0,1,0,0
"s","insignis","UC765130","5","MM",0,2,0,0,0,0,0,0,0,0
"s","insignis","UC765130","6","MM",4,5,1,0,0,0,0,1,0,0
"s","insignis","UC857444","1","MM",2,17,0,3,0,0,0,0,0,0
"s","insignis","UC857444","2","MM",19,33,0,2,0,0,1,0,5,0
"s","insignis","UC933990","1","lrs",9,15,0,0,0,0,0,0,0,0
"s","insignis","UC933990","2","lrs",3,21,0,0,0,0,0,0,0,0
"s","insignis","UC956598","1","lrs",22,21,0,0,0,0,0,0,0,0
"s","insignis","UC956598","2","lrs",12,15,2,0,0,0,0,0,0,0
"s","insignis","UC956598","3","lrs",49,21,1,0,0,0,1,0,1,0
"s","insignis","UC956598","4","lrs",31,37,0,0,0,0,0,0,0,0
"s","insignis","UC956599","1","lrs",3,62,8,17,13,0,1,0,1,3
